<?xml version="1.0" encoding="UTF-8" ?>
<PXML xmlns="http://openpandora.org/namespaces/PXML">
  <application id="srb2.pandora.v20" appdata="srb2">
  <title lang="en_US">Sonic Robo Blast 2</title>
  <title lang="ja_JA">ソニック・ロボ・ブラスト・２</title>
  <description lang="en_US">A 3D Sonic fangame with a huge fanbase developing custom content, including characters, levels, and even large-scale modifications</description>
  <version major="2" minor="0" release="6" build="1" />
  <exec command="lsdlsrb2" background="true" standalone="true" x11="ignore"/>
  <author name="Sonic Team Junior" website="http://www.srb2.org/" email="stjr@srb2.org"/>
  <icon src="icon.png"/>
  <categories>
  <category name="Game">
  <subcategory name="ActionGame" />
  </category>
  </categories>
  </application>
</PXML>
